zygomatic nerve,,,颧神经,,,,,0,0,,,
zygomatic process,,,[医] 颧突,,,,,0,0,s:zygomatic processes,,
zygomatic processes,,,颧骨突起,,,,,0,0,0:zygomatic process/1:s,,
zygomatic projection,,,颧突度,,,,,0,0,,,
zygomatic reflex,,,"[医] 颧反射, 下颌反射",,,,,0,0,,,
zygomatic region,,,颧;颧区,,,,,0,0,,,
zygomatic traction,,,颧部牵拉法,,,,,0,0,,,
zygomatic tubercles,,,[医] 颧结节,,,,,0,0,,,
zygomatically,,,[网络] 界定的,,,,,0,0,,,
zygomatici,,,[网络] z子,,,,,0,0,,,
zygomatico-,,,[网络] z骨 - ,,,,,0,0,,,
zygomatico-alveolar,,,颧牙槽的,,,,,0,0,,,
zygomatico-auricular,,,颧耳的,,,,,0,0,,,
zygomatico-auricular indices,,,[医] 颧耳幅指数,,,,,0,0,,,
zygomatico-auricularis,,,[医] 耳前肌,,,,,0,0,,,
zygomatico-orbital,,,颧眶的,,,,,0,0,,,
zygomatico-orbitial,,,颧眶的,,,,,0,0,,,
zygomatico-orbtial,,,[医] 颧眶的,,,,,0,0,,,
zygomatico-sphenoid,,,颧蝶的,,,,,0,0,,,
zygomaticoalveolar,,,[网络] z骨性肺泡,,,,,0,0,,,
zygomaticoauricular,zaɪɡəʊmætɪkəʊju:'rɪkjʊlə,,[医]颧耳的,,,,,0,0,,,
zygomaticoauricularis,,,耳前肌,,,,,0,0,,,
zygomaticofacial,,,[医] 颧面的,,,,,0,0,,,
zygomaticofacial branch,,,颧面支,,,,,0,0,,,
zygomaticofacial canal,,,"[医] 颧管, 颧面管",,,,,0,0,,,
zygomaticofacial foramen,,,颧面孔,,,,,0,0,,,
zygomaticofacial nerve,,,颧面神经,,,,,0,0,,,
zygomaticofrontal,,,[医] 颧额的,,,,,0,0,,,
zygomaticofrontalis,,,颧额的,,,,,0,0,,,
zygomaticomalar,,,[网络] z骨,,,,,0,0,,,
zygomaticomaxilary,,,颧上颌的,,,,,0,0,,,
zygomaticomaxillalry,,,颧上颌的,,,,,0,0,,,
zygomaticomaxillary,,,[医] 颧上颌的,,,,,0,0,,,
zygomaticomaxillary suture,,,颧上颌缝,,,,,0,0,,,
Zygomaticoorbital,,,颧眶的,,,,,0,0,,,
zygomaticoorbital artery,,,颧眶动脉,,,,,0,0,,,
zygomaticoorbital foramen,,,颧眶孔,,,,,0,0,,,
zygomaticoorbitalis,,,颧眶的,,,,,0,0,,,
zygomaticoorbtial,,,颧眶的,,,,,0,0,,,
zygomaticosphenoid,,,[医] 颧蝶的,,,,,0,0,,,
zygomaticosphenoid fissure,,,[医] 颧蝶裂(蝶骨大翼与颧骨间裂),,,,,0,0,,,
zygomaticosphenoidea,,,颧蝶的,,,,,0,0,,,
zygomaticotemporal,,,[医] 颧颞的,,,,,0,0,,,
zygomaticotemporal branch,,,颧颞支,,,,,0,0,,,
zygomaticotemporal canal,,,[医] 颧颞管,,,,,0,0,,,
zygomaticotemporal foramen,,,颧颞孔,,,,,0,0,,,
zygomaticotemporal nerve,,,颧颞神经,,,,,0,0,,,
zygomaticotemporalis,,,颧颞孔,,,,,0,0,,,
zygomatics,",zaɪɡo'mætɪk",,adj. 颧骨的，颊骨的\nn. 颧骨,,,,,0,0,0:zygomatic/1:s,,
zygomaticum,,,颧骨,,,,,0,0,,,
zygomaticus,",zai^ә'mætikәs",,颧肌,,,,,0,0,,,
zygomaticus major,,,颧大肌,,,,,0,0,,,
zygomaticus major muscle,,,"颧大肌, 大颧肌",,,,,0,0,,,
zygomaticus minor,,,颧小肌,,,,,0,0,,,
zygomaticus minor muscle,,,小颧肌,,,,,0,0,,,
zygomatie bone,,,[医] 颧骨,,,,,0,0,,,
zygomaxillare,,,[医] 颧颌点,,,,,0,0,,,
zygomaxillaris,,,颧上颌的,,,,,0,0,,,
zygomaxillary,,,[医] 颧上颌的,,,,,0,0,,,
zygomere,"'zai^әjmiә(r),'zi-",,n. [生]接合粒,,,,,0,0,,,
zygomere(sybenga 1966),,,接合粒;真核生物同型染色体配对开始时的部位(假定的),,,,,0,0,,,
zygomite,'zai^әmait,,接合丝,,,,,0,0,,,
zygomorphic,",zai^әu'mɔ:fik",a. capable of division into symmetrical halves by only one longitudinal plane passing through the axis,a. 两侧对称的,,,,,0,0,,,
zygomorphic corolla,,,两侧对称花冠 {= irregular corolla},,,,,0,0,,,
zygomorphic flower,,,两侧对称花;左右对称花,,,,,0,0,,,
zygomorphic pea flower,,,两侧对称的豌豆花,,,,,0,0,,,
zygomorphically,,,[网络] 同义词,,,,,0,0,,,
zygomorphies,"'zɪɡo,mɔfi",,n. [植] 左右对称；[植] 两侧对称,,,,,0,0,,,
zygomorphism,.zaigәu'mɒ:fizm,,n. 两侧对称,,,,,0,0,,,
zygomorphous,,a capable of division into symmetrical halves by only one longitudinal plane passing through the axis,a. 两侧对称的,,,,,0,0,,,
zygomorphous flower,,,[医] 两侧对称花,,,,,0,0,,,
zygomorphy,",zai^әu'mɔ:fi",,左右对称,,,,,0,0,,,
zygomorpic,,,两半同形的,,,,,0,0,,,
zygomouphy,,,左右对称,,,,,0,0,,,
Zygomycetae,,,接合菌亚纲,,,,,0,0,,,
zygomycete,zai^әu'maisi:t,,n. 接合菌,,,,,0,0,,,
Zygomycetes,,n. class of fungi coextensive with subdivision Zygomycota,接合菌亚纲,,,,,0,0,s:zygomycetess,,
zygomycetess,",zaiɡəu'maisi:tiz; ,zi-",,"Zygomycetes\n[,zaiɡəu'maisi:tiz; ,zi-]\nn.\n【微生物】接合菌(类)",,,,,0,0,0:zygomycetes/1:s,,
zygomycetous,",zɪɡomaɪ'sitəs",,"adj.\nzygomycete的变形\nzygomycete\n[,zaiɡəu'maisi:t; ,zi-]\nn.\n【微生物】接合菌",,,,,0,0,,,
zygomycin,",zai^ә'maisin",,轭霉素,,,,,0,0,,,
zygomycoses,,,[网络] 藻菌病,,,,,0,0,,,
zygomycosis,,,[网络] 接合菌病；藻菌症；接合菌症,,,,,0,0,,,
Zygomycota,,,[网络] 接合菌门；接合菌类；接合菌门真菌,,,,,0,0,s:zygomycotas,,
zygomycotas,",zaiɡəmai'kəutə",,n. 接合菌门；接合菌类,,,,,0,0,0:zygomycota/1:s,,
zygomycotic,,,[网络] 接合菌,,,,,0,0,,,
Zygomycotina,,,[网络] 接合菌亚门；接合菌亚门真菌；接合亚门,,,,,0,0,s:zygomycotinas,,
zygomycotinas,,,[网络] 接合菌亚门；接合菌亚门真菌；接合亚门\n(zygomycotina 的复数),,,,,0,0,0:zygomycotina/1:s,,
zygon,'zai^әn,,接合嵴,,,,,0,0,,,
zygonema,",zai^ә'ni:mә",,"偶线期, 合线期",,,,,0,0,,,
Zygonemataceae,,,接合藻科,,,,,0,0,,,
Zygonematales,,,接合藻目,,,,,0,0,,,
zygoneure,",zai^ә'njuә",,接合(神经)细胞,,,,,0,0,,,
zygonic,,,[网络] 合音,,,,,0,0,,,
zygons,,,[网络] 合子,,,,,0,0,,,
zygonyx takasago,,,高砂蜻蜓,,,,,0,0,,,
zygopetalum,,,[网络] 轭瓣兰属；轭瓣兰群团；瓣蘭,,,,,0,0,,,
zygopetalums,",zɪɡo'pɛtələm",,n.\n【植物】对瓣兰属,,,,,0,0,,,
zygophase,'zai^әfeiz,,[生]合子期,,,,,0,0,,,
zygophore,'zai^ә'fɔ:,,"[植]接合菌囊柄, 接合子梗",,,,,0,0,,,
zygophores,'zɪɡəfɔ,,n.\n【微生物学】接合菌囊柄，接合枝,,,,,0,0,,,
zygophoric,'zaiɡəfɔ:; 'zi-,,zygophoric\nadj.\nzygophore的变形\nzygophore\n['zaiɡəfɔ:; 'zi-]\nn.\n【微生物学】接合菌囊柄，接合枝,,,,,0,0,,,
Zygophyceae,,,"接合植物类, 接合藻纲 {= Conjugatae}",,,,,0,0,,,
Zygophyllaceae,,"n small trees, shrubs, and herbs of warm arid and saline regions; often resinous; some poisonous: genera Zygophyllum, Tribulus, Guaiacum, Larrea",[医] 蒺藜科,,,,,0,0,s:zygophyllaceaes,,
zygophyllaceaes,,,蒺藜科,,,,,0,0,0:zygophyllaceae/1:s,,
zygophyllaceous,,,adj. 蒺藜科的,,,,,0,0,,,
Zygophyllales,,,[网络] 蒺藜目,,,,,0,0,,,
Zygophyllum,,,n. 【植】霸王属\n[网络] 驼蹄瓣属；骆驼蹄板属；坝王,,,,,0,0,s:zygophyllums,,
Zygophyllum brachypterum,,,n. 细茎驼蹄瓣,,,,,0,0,,,
Zygophyllum fabago,,,[网络] 驼蹄瓣；骆驼蹄草；脶磲癯铣萘,,,,,0,0,s:zygophyllum fabagoes,,
zygophyllum fabagoes,,,[网络] 驼蹄瓣；骆驼蹄草；脶磲癯铣萘\n(zygophyllum fabago 的复数),,,,,0,0,0:zygophyllum fabago/1:s,,
Zygophyllum fabagoides,,,n. 拟豆叶驼蹄瓣,,,,,0,0,,,
Zygophyllum gobicum,,,n. 戈壁驼蹄瓣,,,,,0,0,,,
Zygophyllum iliense,,,n. 伊犁驼蹄瓣,,,,,0,0,,,
Zygophyllum jaxarticum,,,n. 长果驼蹄瓣,,,,,0,0,,,
Zygophyllum kansuense,,,n. 甘肃驼蹄瓣,,,,,0,0,,,
Zygophyllum loczyi,,,n. 粗茎驼蹄瓣,,,,,0,0,,,
Zygophyllum macropodum,,,n. 大叶驼蹄瓣,,,,,0,0,,,
Zygophyllum macropterum,,,n. 大翅驼蹄瓣,,,,,0,0,,,
Zygophyllum mucronatum,,,n. 蝎虎驼蹄瓣,,,,,0,0,,,
Zygophyllum obliquum,,,n. 长梗驼蹄瓣,,,,,0,0,,,
Zygophyllum oxycarpum,,,n. 尖果驼蹄瓣,,,,,0,0,,,
Zygophyllum potaninii,,,n. 大花驼蹄瓣,,,,,0,0,,,
Zygophyllum pterocarpum,,,n. 翼果驼蹄瓣,,,,,0,0,,,
Zygophyllum sinkiangense,,,n. 新疆驼蹄瓣,,,,,0,0,,,
zygophyllum xanth-oxylum(bge.)maxim.,,,肉蒺藜(耿);霸王,,,,,0,0,,,
Zygophyllum xanthoxylon,,,霸王,,,,,0,0,,,
zygophyllums,,,n. 【植】霸王属\n[网络] 驼蹄瓣属；骆驼蹄板属；坝王\n(zygophyllum 的复数),,,,,0,0,0:zygophyllum/1:s,,
Zygophyta,,,"接合藻门, 接合植物",,,,,0,0,,,
zygophyte,'zaigәfait,,n. 接合植物,,,,,0,0,,,
zygophytes,",zɪɡofaɪt",,n.\n【植物学】接合植物,,,,,0,0,,,
zygophytic,",zai^ә'fitik",,产接合孢子的,,,,,0,0,,,
zygoplast,"'zai^ә,plɑ:st",,根丝体,,,,,0,0,,,
zygopleurage zygospora,,,长双头孢壳菌,,,,,0,0,,,
zygopoda,,,双孔（海胆）,,,,,0,0,,,
zygopodia,,,[网络] 受精卵,,,,,0,0,,,
zygopodium,zaɪɡə'pəʊdɪəm,,[医]肢杆，接合杆,,,,,0,0,,,
zygopophysis,",zai^ә'pɔfәsis",,关节炎,,,,,0,0,,,
Zygoptera,,,n. 束翅亚目\n[网络] 均翅亚目；豆娘；豆娘妹妹,,,,,0,0,s:zygopteras,,
zygopteran,,zygopteran (plural zygopterans)\nAny of various insects of the order Zygoptera; damselfly.\n,,,,,,0,0,,,
zygopteras,zai'ɡɔptərə,,Zygoptera\n[zai'ɡɔptərə]\nn.\n【昆虫】束翅亚目，蜻蜓目,,,,,0,0,0:zygoptera/1:s,,
Zygopteridaceae,,,丛干群囊蕨科,,,,,0,0,,,
zygopteroid,,,束翅的,,,,,0,0,,,
Zygorhynchus,,,接霉属,,,,,0,0,,,
zygorhynchus exponens,,,展示接霉,,,,,0,0,,,
zygorhynchus moelleri,,,穆氏接霉,,,,,0,0,,,
Zygos,,,[地名] 济戈斯 ( 塞浦、希 ),,,,,0,0,,,
Zygosaccharomyces,,,接合酵母(属),,,,,0,0,,,
zygosaccharomyces bailii,,,拜耳接合酵母,,,,,0,0,,,
Zygosaccharomyces barkeri,,,[网络] 巴格式结合酵母,,,,,0,0,,,
Zygosaccharomyces japonicus,,,[网络] 产膜酵母；日本结合酵母,,,,,0,0,,,
Zygosaccharomyces major,,,[网络] 浆醪结合酵母；酱醪接合酵母,,,,,0,0,,,
zygosaccharomyces rouxii,,,鲁氏接合酵母,,,,,0,0,,,
Zygosaccharomyces soja,,,[网络] 大豆结合酵母,,,,,0,0,,,
zygosaccharomycetes,,,接合菌母菌纲,,,,,0,0,,,
zygose,zai'ɡəusis; zi-,,zygose\nadj.\nzygosis的变形\nzygosis\n[zai'ɡəusis; zi-]\nn.\n【复数】-ses ／-si:z／ 【生物学】接合,,,,,0,0,,,
zygoses,zai'ɡəusis; zi-,,zygose\nadj.\nzygosis的变形\nzygosis\n[zai'ɡəusis; zi-]\nn.\n【复数】-ses ／-si:z／ 【生物学】接合,,,,,0,0,,,
Zygosicyos,,,[网络] 史葫芦属,,,,,0,0,,,
zygosis,zai'gәusis,n. Same as Conjugation.,n. 接合\n[医] 接合(单细胞生物),,,,,0,0,,,
zygosities,"zai'ɡɔsəti, zi-",,n. [生物] 接合性,,,,,0,0,,,
zygosity,",zai'^ɔsiti",,n. [生]接合性,,,,,0,0,,,
zygosity diagnosis,,,双生子卵性诊断,,,,,0,0,,,
zygosome,"'zai^ә,sәum",,接合染色体,,,,,0,0,,,
zygosperm,'zai^әspә:m,"n. A spore formed by the union of the contents of two\n   similar cells, either of the same or of distinct individual plants.\n   Zygosperms are found in certain orders of algae and fungi.","n. 接合子,接合孢子",,,,,0,0,,,
zygosperms,zai'gəuspə:m,,n. 接合子；接合孢子,,,,,0,0,,,
zygosphaera amoena,,,可爱合球藻,,,,,0,0,,,
zygosphene,"'zai^ә,sfi:n","n. A median process on the front part of the neural arch\n   of the vertebrae of most snakes and some lizards, which fits into a\n   fossa, called the zygantrum, on the back part of the arch in front.",[解]椎弓突,,,,,0,0,,,
zygosphenes,,,[网络] 枣树,,,,,0,0,,,
zygosphere,,,[医] 接合配子,,,,,0,0,,,
Zygospira,,,"轭螺贝, 轭螺贝属〔腕足类，O2-S1〕",,,,,0,0,,,
zygospondylous,,,[网络] 合子,,,,,0,0,,,
zygospondylous articulation,,,节椎关节,,,,,0,0,,,
zygosporangia,,,[网络] 接合子,,,,,0,0,,,
zygosporangial,,,[网络] 合子,,,,,0,0,,,
zygosporangium,",zai^әspә'rændʒiәm",,(=zygosporange)接合孢子囊,,,,,0,0,,,
zygospore,zai'gәuspɒ:,n. a plant spore formed by two similar sexual cells,n. 接合孢子\n[医] 接合孢子,,,,,0,0,s:zygospores,,
zygospores,,,n. 【生】接合孢子\n[网络] 接含孢子,,,,,0,0,0:zygospore/1:s,,
zygosporic,",zai^әj'spɔ:rik,,zi-",,a. [植]接合孢子的,,,,,0,0,,,
zygosporin,",zai^ә'spɔ:rin",,接柄孢菌素,,,,,0,0,,,
zygosporium echinosporum,,,棘孢接合孢菌,,,,,0,0,,,
zygosporium gibbum,,,瘤接合孢菌,,,,,0,0,,,
zygosporium masonii,,,马氏接合孢菌,,,,,0,0,,,
zygosporium mycophilum,,,瘿蚊接合孢菌,,,,,0,0,,,
zygosporium oscheoides,,,囊状接合孢菌,,,,,0,0,,,
zygosporium oscheoides euonymi,,,卫矛囊状接合孢菌,,,,,0,0,,,
zygosporocarp,,,接合孢子果,,,,,0,0,,,
zygosporophore,",zai^әu'spɔ:rәfɔ:",,[植]接合孢子柄,,,,,0,0,,,
zygosporous,",zai^әu'spɔ:rәs",,具接合孢子的,,,,,0,0,,,
zygostat,,,[网络] 齐奥斯塔特,,,,,0,0,,,
zygostates,,,"[法] 过磅员, 鉴定钱币含量的官员",,,,,0,0,,,
zygostyle,"'zai^ә,stail",,合柱,,,,,0,0,,,
zygotactic,",zai^әu'tæktik",,相对性别接合子梗间互趋性的,,,,,0,0,,,
zygotal,,,[网络] 合子,,,,,0,0,,,
zygotaxis,",zai^ә'tæksis",,[动]接合向性,,,,,0,0,,,
zygote,'zaigәut,n. (genetics) the diploid cell resulting from the union of a haploid spermatozoon and ovum (including the organism that develops from that cell),"n. 合子, 受精卵\n[医] 合子",n:100,,,,0,31590,s:zygotes,,
zygote intra-Fallopian transfer,,,合子输卵管内移植,,,,,0,0,,,
zygote intrafallopian transfer,ˈzaɪˌgəʊt ˌintrəfəˈləupiən trænsˈfə:,, [医]受精卵输卵管内转移,,,,,0,0,,,
zygote intro-fallopian transfer,,,受精卵植入输卵管的人工授精(法) [略作 Zift],,,,,0,0,,,
zygote nuclei,,,"[医] 合子核, 结合核",,,,,0,0,,,
zygote nucleus,,,合子核,,,,,0,0,,,
zygote(bateson 1902),,,[接]合子;受精卵,,,,,0,0,,,
zygote(zygoit),,,合子,,,,,0,0,,,
zygotene,"'zai^ә,ti:n, 'zi^ә-",n the second stage of the prophase of meiosis,"n. [生](细胞减数分裂前期的)偶线期,合线期",,,,,0,0,s:zygotenes,,
zygotene stage,,,偶线期,,,,,0,0,,,
zygotene thread,,,接合丝,,,,,0,0,,,
zygotenes,'zaɪgə(ʊ)tiːn,,n. [细胞] 偶线期,,,,,0,0,0:zygotene/1:s,,
zygotes,,plural of zygote\nn. (genetics) the diploid cell resulting from the union of a haploid spermatozoon and ovum (including the organism that develops from that cell),"(zygote 的复数) n. 合子, 受精卵\n[医] 合子",,,,,0,0,0:zygote/1:s3,,
zygotic,,a of or relating to a zygote,[医] 合子的,,,,,0,0,,,
zygotic array,,,接合体系列,,,,,0,0,,,
zygotic embryo,,,合子胚,,,,,0,0,,,
zygotic gene,,,合子基因,,,,,0,0,,,
zygotic incompati-bility,,,合子不亲和性,,,,,0,0,,,
zygotic incompatibility,,,接合子不亲和性,,,,,0,0,,,
zygotic induction,,,结合子诱导,,,,,0,0,,,
zygotic induction(jacob & wollman 1956),,,合子诱导,,,,,0,0,,,
zygotic lethal,,,合子致死基因,,,,,0,0,,,
zygotic lethal gene,,,合子致死基因,,,,,0,0,,,
zygotic meiosis,,,合子减数分裂,,,,,0,0,,,
zygotic mutation,,,合子突变,,,,,0,0,,,
zygotic nucleus,,,合子核,,,,,0,0,,,
zygotic number,,,合子染色体数,,,,,0,0,,,
zygotic reduction,,,合子减数,,,,,0,0,,,
zygotic sterility,,,"合子不育,合子不稔性",,,,,0,0,,,
zygotically,'zaiɡəut; 'zi-,,zygotically\nadv.\nzygote的变形\nzygote\n['zaiɡəut; 'zi-]\nn.\n【生物学】\n合子；接合体\n受精卵,,,,,0,0,,,
zygotically acting gene,,,合子代理基因,,,,,0,0,,,
zygotine,,,偶线,,,,,0,0,,,
zygotoblast,"zai'^әutә,blɑ:st",,子孢子,,,,,0,0,,,
zygotoblasts,,,[网络] 成肌细胞,,,,,0,0,,,
zygotogenesis,",zai^әutә'dʒenisis",,受精(作用),,,,,0,0,,,
zygotoid,"'zai^ә,tɔid",,多核接合孢子,,,,,0,0,,,
zygotomere,zai'^әutәmiә,,成孢子细胞,,,,,0,0,,,
zygotonuclei,,,(单zygotonucleus)合子核,,,,,0,0,,,
zygotonucleus,"zai,^әutә'nju:kliәs",,(pl. -clei)合子核,,,,,0,0,,,
zygotropism,zai^әu'trɔpizәm,,"配子相吸引, 趋接合性",,,,,0,0,,,
zygozoospore,",zai^әu'zәu,spɔ:",,游动接合孢子,,,,,0,0,,,
zygum,'zai^әm,,(pl. zyga)感前片,,,,,0,0,,,
zykaite,,,[网络] z子,,,,,0,0,,,
zyke,,,[网络] 霠；中央国家机关；苏凉丶,,,,,0,0,,,
zyklolat,,,环戊醇胺酯,,,,,0,0,,,
Zyklon,,,[网络] 齐克龙,,,,,0,0,,,
Zyklon B,,,[网络] 氰化氢毒气,,,,,0,0,,,
Zyklon-B,,,[网络] 毒气；数不清的毒药,,,,,0,0,,,
zyklopisch,,,镶嵌状,,,,,0,0,,,
Zykovo,,,[地名] 济科沃 ( 俄 ),,,,,0,0,,,
zyl,,,"abbr. Sylhet, Bangladesh 孟加拉国，锡尔赫特机场（代码）",,,,,0,0,,,
zyla,,,[网络] 浙江青年莲花汽车有限公司,,,,,0,0,,,
zylate,,,苯甲酸苄酯,,,,,0,0,,,
zylo-,,,[网络] 试听,,,,,0,0,,,
zylofuramine,,,[网络] 齐洛呋胺,,,,,0,0,,,
Zylon,,,[网络] 柴隆；采龙；基纶,,,,,0,0,,,
zylonite,"'zailә,nait",n. Celluloid.,"(=xylonite)赛璐珞, 假象牙",,,,,0,0,,,
zylonites,,,[网络] z石,,,,,0,0,,,
zylophone,,,[网络] 木琴,,,,,0,0,,,
Zylopim,,,"别嘌醇,赛洛克",,,,,0,0,,,
Zyloprim,,,n. 别嘌呤醇\n[网络] 别嘌醇,,,,,0,0,s:zyloprims,,
zyloprims,,,n. 别嘌呤醇\n[网络] 别嘌醇\n(zyloprim 的复数),,,,,0,0,0:zyloprim/1:s,,
Zyloric,,,"赛来力,痛风立克",,,,,0,0,,,
Zyloyic,,,"别嘌醇,赛洛克",,,,,0,0,,,
ZYM,,,"[=zymohexase]醛缩酶,醛醇缩合酶",,,,,0,0,,,
zym(o)-,,,"酶,发酵",,,,,0,0,,,
zym-,,," [医]酶, 发酵",,,,,0,0,,,
zyma,'zaimә,,曲霉菌酶、胰酶复合制剂(助消化药),,,,,0,0,,,
zymad,'zaimәd,,传染病原,,,,,0,0,,,
Zymafluor,,,氟化钠,,,,,0,0,,,
zymamsis,,,[化] 酒精发酵,,,,,0,0,,,
zyman,,,[网络] 齐曼,,,,,0,0,,,
zymarocan,,,樟脑酸乌洛托品,,,,,0,0,,,
zymase,'zaimeis,n. a complex of enzymes that cause glycolysis; originally found in yeast but also present in higher organisms,n. 酿酶\n[化] 酿酶,,,,,0,0,s:zymases,,
zymase complex,,,[医] 酿酶复体,,,,,0,0,,,
zymases,,,n. 【生化】酒化酶\n[网络] 酿酶；发酵酶；变酒酵素,,,,,0,0,0:zymase/1:s,,
zymasis,zai'mәusis,,酵母成分压出(法),,,,,0,0,,,
zymate,,,[网络] 酵母,,,,,0,0,,,
zymbal's gland,,,任氏腺（外耳道皮脂腺）,,,,,0,0,,,
zyme,zaim,n. A ferment.\nn. The morbific principle of a zymotic disease.,"n. 酶, 病菌\n[化] 酶",,,,,0,0,,,
zymed,,,[网络] 试剂盒；免疫病理学产品目录；多克隆抗体,,,,,0,0,,,
zymes,zaɪm,,n. 酶；病菌,,,,,0,0,,,
zymetology,",zaimә'tɔlәdʒi",,(=zymology)酵学,,,,,0,0,,,
zymic,'zaimik,"a. Pertaining to, or produced by, fermentation; -- formerly, by\n   confusion, used to designate lactic acid.","a. 酶的, 酵母的\n[医] 酶的",,,,,0,0,,,
zymigen,'zaimidʒәn,,"消化酵素, 维生素 A、B、B1、B2、B12、C, D、磷酸氢钙复合制剂(促进小儿发育的)",,,,,0,0,,,
zymin,'zaimin,,胰提出物,,,,,0,0,,,
zymine,'zaimain,,胰酶(制剂),,,,,0,0,,,
zymo,zɪ'məʊ,,abbr. zymolysis 发酵; zymosis 发酵; zymotic(al)(ly) 发酵（的）（地）; zymology 发酵学,,,,,0,0,,,
zymo-,'zaimәj,,"表示“发酵, 酶”之义",,,,,0,0,,,
zymo-exciter,,,促酶素,,,,,0,0,,,
Zymobacterium,,,[医] 发酵菌属,,,,,0,0,,,
Zymobacterium oroticum,,,[网络] 乳清酸发酵杆菌,,,,,0,0,,,
zymobexose,,,发酵己糖,,,,,0,0,,,
zymochemistery,,,[网络] 酶化学,,,,,0,0,,,
zymochemistry,",zaimәu'kemistri",,酶化学,,,,,0,0,,,
zymocidal,,,[网络] 杀青虫,,,,,0,0,,,
zymocyte,"'zaimә,sait",,发酵菌,,,,,0,0,,,
zymodeme,,,[网络] 酶谱型,,,,,0,0,,,
zymodemes,,,[网络] 晦电泳图谱分析,,,,,0,0,,,
zymoexcitator,,,[医] 酶原激活剂,,,,,0,0,,,
zymoexciter,,,酶激活剂;酶原激活剂,,,,,0,0,,,
Zymofrem,,,抑酞酶,,,,,0,0,,,
Zymofren,,,"抑肽酶,屈来赛多,抑胰肽酶",,,,,0,0,,,
zymogen,'zaimәdʒәn,n any of a group of compounds that are inactive precursors of enzymes and require some change (such as the hydrolysis of a fragment that masks an active enzyme) to become active,"n. 酶原, 发酵性细菌\n[化] 酶原",,,,,0,0,s:zymogens,,
zymogen farciminosa,,,马鼻疽酵丝菌,,,,,0,0,,,
zymogen granula,,,原粒,,,,,0,0,,,
zymogen granule,,,酶原粒,,,,,0,0,,,
zymogen granules,,,[医] 酶原粒,,,,,0,0,,,
zymogen(proenzyme),,,酶原,,,,,0,0,,,
zymogencous,,,[生化] 产酶的,,,,,0,0,,,
zymogene,,,n. 【生化】酶元\n[网络] 酶原；酵素原；第十九节酶原,,,,,0,0,,,
zymogeneous bacteria,,,发酵性细菌,,,,,0,0,,,
zymogeneous flora,,,(土壤中)发酵性微生物区系,,,,,0,0,,,
zymogeneous flore,,,(土壤中)酶生物区学,,,,,0,0,,,
zymogenes,,,[网络] 酶原,,,,,0,0,,,
zymogenesis,",zaimә'dʒenisis",,n. [生化]酶生成(作用),,,,,0,0,,,
zymogenic,.zaimә'dʒenik,"a. Pertaining to, or formed by, a zymogene.\na. Capable of producing a definite zymogen or ferment.","a. 产生酶原的, 发酵的, 酶原的\n[医] 发酵的, 引起发酵的",,,,,0,0,,,
zymogenic bacteria,,,[医] 产酶菌,,,,,0,0,,,
zymogenic bacterium,,,生酶细菌,,,,,0,0,,,
zymogenic cell,,,产酶细胞,,,,,0,0,,,
zymogenic cells,,,[医] 产酶细胞,,,,,0,0,,,
zymogenic flora,,,发酵性微生物群落;生酶性区系,,,,,0,0,,,
"zymogenic, zymogenous",",zaiməu'dʒenik; zai'mɔdʒənəs",,adj. 【生物化学】酶原的；【微生物学】(使)发酵的,,,,,0,0,,,
zymogeniccell,,,产酶细胞,,,,,0,0,,,
zymogenous,,,a. 酶原,,,,,0,0,,,
zymogenous bacteria,,,发酵细菌,,,,,0,0,,,
zymogenous microflora,,,发酵性微生物区系,,,,,0,0,,,
zymogens,,plural of zymogen\nn any of a group of compounds that are inactive precursors of enzymes and require some change (such as the hydrolysis of a fragment that masks an active enzyme) to become active,"(zymogen 的复数) n. 酶原, 发酵性细菌\n[化] 酶原",,,,,0,0,0:zymogen/1:s,,
zymogic,,,"[医] 发酵的, 引起发酵的",,,,,0,0,,,
zymogram,'zaimә^ræm,,n. [化]酶谱,,,,,0,0,,,
zymograms,"'zaɪmə,ɡræm",,n. [生化] 酶谱,,,,,0,0,,,
zymograph,,,[网络] 酶谱学,,,,,0,0,,,
zymographic,,,[网络] 酶谱,,,,,0,0,,,
zymographically,,,[网络] 酶学上,,,,,0,0,,,
zymographies,,,[网络] 酶谱,,,,,0,0,,,
zymographs,,,[网络] 酶谱,,,,,0,0,,,
zymography,,,[网络] 酶谱法；明胶酶谱法；酶谱分析,,,,,0,0,,,
zymohexase,",zaimәu'hekseis",,"醛缩酶, 醛醇缩合酶",,,,,0,0,,,
zymohexases,,,[网络] 酵母酶,,,,,0,0,,,
zymohexose,",zaimәu'heksәus",,发酵己糖,,,,,0,0,,,
zymohydrolysis,",zaimәu,hai'drɔlisis",,酶解作用,,,,,0,0,,,
zymoid,'zaimɔid,a resembling an enzyme,"a. 酵母的, 像酵母或酵素的",,,,,0,0,,,
zymolase,zɪmə'leɪs,, [医]消解酶,,,,,0,0,,,
zymolite,,,"[医] 酶作用物, 基质, 底质",,,,,0,0,,,
zymologic,,a. Alt. of Zymological,[医] 酶学的,,,,,0,0,,,
zymological,zaimә'lɔdʒikl,a. Of or pertaining to zymology.,酶学的,,,,,0,0,,,
zymologist,zai'mɒlәdʒist,"n. One who is skilled in zymology, or in the fermentation\n   of liquors.",n. 发酵学者\n[医] 酶学家,,,,,0,0,,,
zymologists,,,n. 发酵学家；酶学家 (zymology的变形),,,,,0,0,,,
zymology,zai'mɒlәdʒi,n. the branch of chemistry concerned with fermentation (as in making wine or brewing or distilling),"n. 酶学, 发酵学\n[医] 酶学",,,,,0,0,,,
zymolyase,,,[网络] 裂解酶；酵母裂解酶；酶裂解酶,,,,,0,0,,,
zymolyses,,,"n. 发酵, 酶解(作用)\n[化] 酶解; 酶解作用; 发酵\n(zymolysis 的复数)",,,,,0,0,0:zymolysis/1:s,,
zymolysis,zai'mɔlisis,"n a process in which an agent causes an organic substance to break down into simpler substances; especially, the anaerobic breakdown of sugar into alcohol","n. 发酵, 酶解(作用)\n[化] 酶解; 酶解作用; 发酵",,,,,0,0,s:zymolyses,,
zymolyte,'zaimәlait,,"酶作用物, 底物",,,,,0,0,,,
zymolytic,",zaimәj'litik",a of or relating to or causing fermentation,"a. 发酵, 酶解(作用)\n[医] 酶分解的, 酶解的",,,,,0,0,,,
zymolytic microbiology,,,[微] 发酵微生物学,,,,,0,0,,,
zymome,'zaimәum,"n. A glutinous substance, insoluble in alcohol, resembling\n   legumin; -- now called vegetable fibrin, vegetable albumin, or gluten\n   casein.",微胶粒,,,,,0,0,,,
zymometer,zai'mɔmitә,n. Alt. of Zymosimeter,"n. 发酵计, 发酵检验器\n[医] 发酵检验器",,,,,0,0,,,
zymometers,,,n. 发酵计\n[网络] 发酵检验器；发酵测定器,,,,,0,0,,,
zymometter,zɪməʊ'metɜː,,n. 发酵计,,,,,0,0,,,
Zymomonas,zaimɔ'mɔnæs,,n. 【细菌】单胞发酵菌属,,,,,0,0,,,
Zymonema,,,[医] 酵丝菌属(旧名),,,,,0,0,,,
Zymonema albicans,,,"[医] 白色酵丝菌, 白色念珠菌",,,,,0,0,,,
Zymonema capsulatum,,,"[医] 荚膜酵丝菌, 皮炎芽生菌",,,,,0,0,,,
Zymonema farciminosum,,,[医] 马淋巴腺炎酵丝菌,,,,,0,0,,,
zymonematosis,,,"[医] 酵丝菌病, 芽生菌病",,,,,0,0,,,
zymonic acid,,,[化] 酵酮酸\n[医] 酵酮酸,,,,,0,0,,,
zymophage,,,酵母噬菌体,,,,,0,0,,,
Zymophilus,,,嗜发酵菌属,,,,,0,0,,,
zymophore,"'zaimә,fɔ:",,[生化]酶活性部位,,,,,0,0,,,
zymophore grous,,,[医] 酶簇,,,,,0,0,,,
zymophores,,,[网络] 酶基,,,,,0,0,,,
zymophoric,,,[医] 酶活性簇的,,,,,0,0,,,
zymophorous,,,[医] 酶活性簇的,,,,,0,0,,,
zymophosphate,,,[医] 酵母已糖磷酸,,,,,0,0,,,
zymophyte,"'zaimә,fait",n. A bacteroid ferment.,发酵菌,,,,,0,0,,,
zymophytes,,,[网络] 酵母菌,,,,,0,0,,,
zymoplasm,"'zaimәu,plæzm",,凝血酶,,,,,0,0,,,
zymoplastic,",zaimәu'plæstik",,"a. 形成酵素的, 凝血的, 形成凝血酵素的",,,,,0,0,,,
zymoplastic substance,,,"[医] 凝血致活酶, 凝血激酶",,,,,0,0,,,
zymoplastin,,,血小板凝血因子,,,,,0,0,,,
zymoprotein,",zaimә'prәuti:n",,酶蛋白,,,,,0,0,,,
zymosan,'zaimәsæn,,n. [化]酵母聚糖,,,,,0,0,,,
zymosans,"'zaɪmə,sæn",,n. [生化] 酵母聚糖,,,,,0,0,,,
Zymosarcina,,,发酵八叠球菌属,,,,,0,0,,,
zymoscope,'zaimәuskәup,,n. 发酵力计\n[医] 发酵测定器,,,,,0,0,,,
zymoscopes,"'zaɪmə,skop",,n. 发酵测定器,,,,,0,0,,,
zymose,'zaimәus,n. Invertin.,转化酶,,,,,0,0,,,
zymoses,zaiˈməusisiz,,n. 发酵( zymosis的名词复数 ); 发酵作用; 发酵病; 传染病,,,,,0,0,0:zymosis/1:s,,
zymosimeter,",zaimәu'simitә","n. An instrument for ascertaining the degree of\n   fermentation occasioned by the mixture of different liquids, and the\n   degree of heat which they acquire in fermentation.","发酵计, 发酵检验器, 发酵能力测定器",,,,,0,0,,,
zymosimeters,,,[网络] 酶学仪,,,,,0,0,,,
zymosimetter,zɪ'məʊsɪmetɜː,,n. 发酵计,,,,,0,0,,,
zymosis,zai'mәusis,"n. a process in which an agent causes an organic substance to break down into simpler substances; especially, the anaerobic breakdown of sugar into alcohol\nn. (medicine) the development and spread of an infectious disease (especially one caused by a fungus)","n. 发酵, 发酵作用, 发酵病\n[医] 发酵, 发酵病, 传染病",,,,,0,0,s:zymoses,,
zymosis gastrica,,,"[医] 胃发酵[病], 胃有机酸过多",,,,,0,0,,,
zymosterol,",zai'mɔstәrɔl",,n. 酵母甾醇\n[化] 酵母甾醇,,,,,0,0,,,
zymosterols,"zai'mɔstərɔl, -rəul",,n. [生化] 酵母甾醇；霉菌甾醇,,,,,0,0,,,
zymosthenic,",zaimәs'θenik",,a. 促进酵素作用的,,,,,0,0,,,
zymosthenic agent,,,酶效增强剂,,,,,0,0,,,
zymotachegraph,",zaimә'tæki^rɑ:f",,酵母发面能力测定计(测定发酵的面团所产生的气体和气体量的仪器),,,,,0,0,,,
zymotachygraph(e),,,[食品] 面团产气量测定仪,,,,,0,0,,,
zymotechnic,,,"[医] 酿造术, 酿造学",,,,,0,0,,,
zymotechnics,.zaimәu'tekniks,,"n. 发酵法, 酿造法",,,,,0,0,,,
zymotechnique,",zaimәutek'nik",,"发酵工艺, 发酵法, 酿造法",,,,,0,0,,,
zymotechny,,,"[医] 酿造术, 酿造学",,,,,0,0,,,
zymotherapy,,,[网络] 疗法,,,,,0,0,,,
zymotic,zai'mɒtik,a. of or relating to or causing fermentation\na. relating to or caused by infection,"a. 发酵的, 引起发酵的, 发酵病的\n[医] 发酵的, 发酵病的, 传染病的",,,,,0,0,,,
zymotic diarrhea,,,传染性腹泻：痢疾,,,,,0,0,,,
zymotic disease,,,[医] [酶性]传染病,,,,,0,0,,,
zymotic efficiency,,,发酵效应,,,,,0,0,,,
zymotic efficiency of soil,,,土壤发酵效应,,,,,0,0,,,
zymotic fluid,,,发酵液,,,,,0,0,,,
zymotically,zai'mɔtik,,zymotically\nadv.\nzymotic的变形\nzymotic\n[zai'mɔtik]\nn.\n发酵病，(酶性)传染病\nadj.\n发酵病的，(酶性)传染病的\n发酵引起的\n引起发酵的\n发酵的,,,,,0,0,,,
zymotics,zaɪ'mɒtɪk,,adj. 发酵的；发酵病的,,,,,0,0,,,
zymotoxic group,,,发酵毒簇 {= toxophore group},,,,,0,0,,,
zymotoxic grous,,,[医] 酶毒簇,,,,,0,0,,,
zymozoid,"'zaimәu,zɔid",,n. 分裂[分生]菌类,,,,,0,0,,,
zymurgical,,,[网络] 手术,,,,,0,0,,,
zymurgies,'zaɪmɜːdʒɪ,,n. 酿造学,,,,,0,0,0:zymurgy/1:s,,
zymurgist,,,[网络] 美学家,,,,,0,0,,,
zymurgists,,,[网络] 美术家,,,,,0,0,,,
zymurgy,'zaimә:dʒi,n the branch of chemistry concerned with fermentation (as in making wine or brewing or distilling),"n. 酿造学\n[医] 酿造术, 酿造学",,,,,0,0,s:zymurgies,,
zyn,,,[网络] 仉雅楠；丨浅浅；阳原,,,,,0,0,,,
Zynga,,"Something so totally beyond repair after being altered, adjusted, fiddled with, meddled with and generally mucked about with is totally ""Zynga'd"".\n\nAny attempt to make it better (and there has to be many in order to deserve this definition) only makes things worse and therefore enhances the definition of being ""Zynga'd"".\n> There was once a game on FaceBook which was exceptional. The game was great, the Group Forum associated with the game was friendly and amusing and everyone helped each other along with tips and game play strategies (well they had to, the company in charge of the game had nothing to do with it). The happy people of this Group Forum thought up new ways to enhance their game playing and all was going well until the weekend of the ""Valentine's Day Massacre"" event. The day before the event was to begin, the game itself was altered beyond recognition.\n> All attempts to make the game playable to the standard of the previous game were unsuccessful and led to further ""Zynga-ups"" in the game. Further attempts to improve the game to make it unexploitable have proven to be unmitigated failures and the developers of the game prove themselves to be inept, incompetent and inadequate to the tasks put to them.\n> Tha game is an application made by a company called Zynga - hence the definition.\n> Quote: ""I didn't say it was broken, to be broken would imply that it can be repaired, it's not, it's zynga'd.""\n",,,,,,0,0,,,
Zynocin,,,黄青霉素,,,,,0,0,,,
zynsky,,,[网络] 思吉,,,,,0,0,,,
Zyocin,,,黄青霉素,,,,,0,0,,,
zyophyte,,"zyophyte (plural zyophytes)\n(botany) Any plant of a formerly proposed class or grand division (Zygophytes, Zygophyta, or Zygosporeae), in which reproduction consists in the union of two similar cells.\n",,,,,,0,0,,,
zyophytes,,,[网络] 苔藓植物,,,,,0,0,,,
zyosingan,",zaiә'siŋ^әn",,大黄、牵牛子、甘遂复合煎剂,,,,,0,0,,,
Zypanar,,,"胰酶,胰液素,胰酵素,胰消化素",,,,,0,0,,,
Zyprex,,,是一种抗精神病药,,,,,0,0,,,
zyprexa,,, [医]再普乐（含olanzapine）<抗精神病药>,,,,,0,0,,,
zyprexa (olanzapine),,,商品名：金菩萨，学名：奥氮平 {註：一种抗精神病药物},,,,,0,0,,,
Zyrardow,,,日拉尔杜夫,,,,,0,0,,,
Zyrian,,,[网络] 乌戈尔语,,,,,0,0,s:zyrians,,
Zyrians,,,[网络] 安人,,,,,0,0,0:zyrian/1:s,,
zyrtec,,, 仙特敏,,,,,0,0,,,
Zyrter,,,西替利嗪,,,,,0,0,,,
Zyryan,'ziəjən; -jɑ:n,,n. = Komi [亦作 Zyryenian],,,,,0,0,,,
Zyryanka,,,[地名] 济良卡河 ( 俄 ),,,,,0,0,,,
Zyryanovo,,,[地名] 济良诺沃 ( 俄 ),,,,,0,0,,,
Zyryanovsk,,,[地名] 济良诺夫斯克 ( 哈 ),,,,,0,0,,,
Zyryans,'ziəjən; -jɑ:n,,Zyryans\nn.\nZyryan的变形\nZyryan\n['ziəjən; -jɑ:n]\nn.\n= Komi [亦作 Zyryenian]\n变形：\nn.\nZyryans\n. Zyryan,,,,,0,0,,,
Zyryansk,,,[地名] 济良斯克 ( 俄 ),,,,,0,0,,,
Zyryanskiy Rayon,,,[地名] 济良斯科耶区 ( 俄 ),,,,,0,0,,,
Zyryanskoye,,,[地名] 济良斯科耶 ( 俄 ),,,,,0,0,,,
zysbena,'zaisbәnә,,胱胺酸、盐酸苯海拉明复合制剂(抗过敏药),,,,,0,0,,,
zyscal,'zaiskәl,,胱胺酸、氯化钙复合制剂(抗过敏药),,,,,0,0,,,
zyskowski,,,[网络] 齐斯科夫斯基,,,,,0,0,,,
zysman,,, [人名] 齐斯曼,,,,,0,0,,,
zystitom,,,晶状体囊刀,,,,,0,0,,,
zytase,'zaiteis,,"木聚糖酶, 木糖胶酶",,,,,0,0,,,
zythepsaries,,,[网络] z刀,,,,,0,0,,,
zythepsary,zai'θepsәri,n. A brewery.,n. 酿造所,,,,,0,0,,,
Zythia,,,鲜壳孢属,,,,,0,0,,,
zythia elaeocarpi,,,杜英鲜壳孢菌,,,,,0,0,,,
Zythiaceae,,,鲜壳孢科,,,,,0,0,,,
Zythieae,,,竹癌肿病菌亚科,,,,,0,0,,,
zythologist,,zythologist (plural zythologists)\nbeer connoisseur\n,,,,,,0,0,,,
zythology,,"The study of beer and beer-making, including the role particular ingredients play in the brewing process. A zythologist is a student and connoisseur of beer who possesses knowledge of ingredients, pouring techniques and beer pairings.\n\n[from Greek zythos (beer) and logos (study)]\n> The waiter won’t know which beer to pair with a roasted rack of lamb. I’ve been studying zythology and I think you should have the lager.\n",,,,,,0,0,,,
zythum,'zaiθәm,n. A kind of ancient malt beverage; a liquor made from malt\n   and wheat.,n. 古埃及的啤酒,,,,,0,0,,,
zytnia,,,[网络] 日特尼亚,,,,,0,0,,,
zytokine,,,细胞激动素,,,,,0,0,,,
zytron,'zaitrәn,,草特磷(农药),,,,,0,0,,,
"Zyudev, Ostrov",,,[地名] 久杰夫岛 ( 俄 ),,,,,0,0,,,
zyuganov,,,[网络] 泽尤加诺夫,,,,,0,0,,,
Zyuzino,,,[地名] 久济诺 ( 俄 ),,,,,0,0,,,
zyvox,,,"超级抗生素,是一种唑烷酮类抗菌药",,,,,0,0,,,
zywicki,,,[网络] 齐维克,,,,,0,0,,,
Zywiec,,,日维埃次,,,,,0,0,,,
zyxel,,, 合勤,,,,,0,0,,,
zyxin,,,[网络] 斑联蛋白；关节蛋白；时兴,,,,,0,0,,,
zyxins,,,斑联蛋白,,,,,0,0,,,
zyxomma obtusum,,,灰影蜻蜓；水虿,,,,,0,0,,,
zyxomma petiolatum,,,纤腰蜻蜓,,,,,0,0,,,
zyxwvutsrqponmlkjihgfedcba,,"The sound you make when you vomit alphabetti spaghetti\n> Jon ''I think i ate that too quickly''\n> Jane ''That was not a good idea''\n> Jon '' Oh no, oh god, oh no...zyxwvutsrqponmlkjihgfedcba''\n",,,,,,0,0,,,
Zyyi,,,济易,,,,,0,0,,,
zyzanski,,,[网络] 泽赞斯基,,,,,0,0,,,
zyzocin,,,黄青霉素,,,,,0,0,,,
zyzomys pedunculatus,,,中澳粗尾鼠,,,,,0,0,,,
zyzotic lethal,,,合子致死,,,,,0,0,,,
Zyzz,,The epitome of aesthetics.\n> Bitches cant get enough of the zyzz aesthetics\n,,,,,,0,0,,,
zyzzyva,,, 象鼻虫,,,,,0,0,,,
zyzzyvas,'zizəvə,,n. 象鼻虫,,,,,0,0,,,
zz,,,"n. Z字形, 锯齿形（等于zigzag）",u:100,,,,0,31977,,,
ZZ Cet star,,,鲸鱼ZZ型星,,,,,0,0,,,
ZZ Ceti star,,,【天文学】鲸鱼(座) ZZ 型变星 [亦作 ZZ ceti variable],,,,,0,0,,,
ZZ Ceti stars,,,鲸鱼 ZZ 型星,,,,,0,0,,,
ZZ Top,,"a kick ass rock band that i listen to every day, NOT to be confused with all of the rest of the southern/mid western garbage crap\n> ZZ top is the shit!\n",,,,,,0,0,,,
Zz.,,,[医] 姜,,,,,0,0,,,
"Zz.,zz.",,,abbr. [拉丁语] Zingiber (= giger),,,,,0,0,,,
zzap,,,[网络] 杀掉；意志,,,,,0,0,s:zzaps,,
zzaps,,,[网络] 杀掉；意志\n(zzap 的复数),,,,,0,0,0:zzap/1:s,,
zzt,,,[网络] Zig Zag Territoires; 牛牛; 水晶头,,,,,0,0,,,
zzw,,,abbr. zuidzuidwest (Dutch=south southwest) （丹麦语）南西南,,,,,0,0,,,
Zzyzx,,,[网络] 宰兹克斯,,,,,0,0,,,
zzz,,,int. 打鼾声,u:100,,,,0,40687,,,
"ZZZ, zzz",,,(常用于漫画中)表示鼾声的符号,,,,,0,0,,,
zzzed,,,"ZZZ, zzz\n(常用于漫画中)表示鼾声的符号",,,,,0,0,,,
zzzing,,,"ZZZ, zzz\n(常用于漫画中)表示鼾声的符号",,,,,0,0,,,
zzzs,,,[网络] za zdravstveno zavarovanje Slovenije; 毛晓华; 公司行业资质,,,,,0,0,,,
zzzz,,,[网络] 在睡觉；睡眠；迷惑的样子,u:100,,,,0,0,s:zzzzs,,
zzzzs,,,[网络] 也得不到足够的睡眠,,,,,0,0,0:zzzz/1:s,,
zzzzz,,,[网络] 睡觉的状态；孙继海掷界内球；睡眠,,,,,0,0,,,
zzzzzing,,-ing form of zzzz,(zzzz 的现在分词) [网络] 在睡觉；睡眠；迷惑的样子,,,,,0,0,0:zzzz/1:i,,
zzzzzz,,,[网络] 睡觉；目眩的样子；悃,,,,,0,0,,,
zzzzzzzz,,,[网络] 睡眠；以读书为乐；点点点,,,,,0,0,,,
Zâmbuè,,,[地名] 赞布埃 ( 莫 ),,,,,0,0,,,
Zängilan,,,[地名] 赞吉兰 ( 阿塞 ),,,,,0,0,,,
Zébéné,,,[地名] 泽贝内 ( 科特 ),,,,,0,0,,,
Zéguédéguin,,,[地名] 泽盖代京 ( 布基 ),,,,,0,0,,,
Zémongo,,,[地名] 泽蒙戈 ( 中非 ),,,,,0,0,,,
"Zémongo, Réserve de Faune de",,,[地名] 泽蒙戈动物保护区 ( 中非 ),,,,,0,0,,,
Zéré,,,[地名] 泽雷 ( 中非 ),,,,,0,0,,,
"Zêzere, R.",,,[地名] 泽济里河 ( 葡 ),,,,,0,0,,,
Zîrî,,,[地名] 济里 ( 毛里塔 ),,,,,0,0,,,
Zóbuè,,,[地名] 佐布埃 ( 莫 ),,,,,0,0,,,
Zöblitz,,,[地名] 策布利茨 ( 德 ),,,,,0,0,,,
Zörbig,,,[地名] 策尔比希 ( 德 ),,,,,0,0,,,
Zülpich,,,[地名] 曲尔皮希 ( 德 ),,,,,0,0,,,
Zülpicher Börde,,,[地名] 曲尔皮希平原 ( 德 ),,,,,0,0,,,
Zürich,,,[地名] 苏黎世 ( 瑞士 ),,,,,0,0,,,
"Zürich, Flughafen",,,[地名] 苏黎世机场 ( 瑞士 ),,,,,0,0,,,
"Zürich, Kant.",,,[地名] 苏黎世州 ( 瑞士 ),,,,,0,0,,,
Zürichsee,,,[地名] 苏黎世湖 ( 瑞士 ),,,,,0,0,,,
Züschen,,,[地名] 曲申 ( 德 ),,,,,0,0,,,
Züssow,,,[地名] 曲索 ( 德 ),,,,,0,0,,,
"Zāb al Kabīr, Nahr az(Büyükzap Suyu)",,,[地名] 大扎卜河。英语惯用名Great Zab R. ( 伊拉·土 ),,,,,0,0,,,
Zābol,,,[地名] 扎博勒 ( 伊朗 ),,,,,0,0,,,
"Zābol, Velāyat-e",,,[地名] 查布尔省 ( 阿富 ),,,,,0,0,,,
Zābolī,,,[地名] 扎博利 ( 伊朗 ),,,,,0,0,,,
"Zābul, Velāyat-e",,,[地名] 查布尔省 ( 阿富 ),,,,,0,0,,,
Zāgheh,,,[地名] 扎盖 ( 伊朗 ),,,,,0,0,,,
"Zāgros, Kūhhā-ye",,,[地名] 扎格罗斯山脉。英语惯用名Zagros Mountains ( 伊朗 ),,,,,0,0,,,
Zāhedān,,,[地名] 扎黑丹 ( 伊朗 ),,,,,0,0,,,
Zāhidpur,,,[地名] 扎希德布尔 ( 巴基 ),,,,,0,0,,,
Zāni,,,[地名] 扎尼 ( 巴基 ),,,,,0,0,,,
Zāreh,,,[地名] 扎雷 ( 伊朗 ),,,,,0,0,,,
Zārī,,,[地名] 扎里 ( 阿富 ),,,,,0,0,,,
Zāskār,,,[地名] 扎斯加尔河 ( 克什 ),,,,,0,0,,,
Zāskār Mountains,,,[地名] 扎斯加尔山 ( 克什 ),,,,,0,0,,,
Zāwi,,,[地名] 扎维 ( 巴基 ),,,,,0,0,,,
Zāwiyah,,,[地名] 扎维耶 ( 巴·以 ),,,,,0,0,,,
Zāwiyah al Baydā',,,[地名] 扎维耶拜达 ( 利 ),,,,,0,0,,,
Zāwiyat al Mukhaylā,,,[地名] 扎维耶穆海拉 ( 利 ),,,,,0,0,,,
Zāwiyat Masūs,,,[地名] 扎维耶迈苏斯 ( 利 ),,,,,0,0,,,
Zāwiyat Qirza,,,[地名] 扎维耶吉尔宰 ( 利 ),,,,,0,0,,,
Zāwiyat Sīdī Ghāzī,,,[地名] 扎维耶西迪加济 ( 埃 ),,,,,0,0,,,
"Zāwīyah, Jab.az",,,[地名] 扎维耶山 ( 叙 ),,,,,0,0,,,
Zāyemān,,,[地名] 扎耶曼 ( 阿富 ),,,,,0,0,,,
Zāyā,,,[地名] 扎亚 ( 伊拉 ),,,,,0,0,,,
Zēbāk,,,[地名] 泽巴克 ( 阿富 ),,,,,0,0,,,
Zībār,,,[地名] 济巴尔 ( 伊拉 ),,,,,0,0,,,
Zīdi,,,[地名] 济迪 ( 巴基 ),,,,,0,0,,,
Zīghan,,,[地名] 济甘 ( 利 ),,,,,0,0,,,
Zīveh,,,[地名] 济韦 ( 伊朗 ),,,,,0,0,,,
Zīāk,,,[地名] 济阿克 ( 阿富 ),,,,,0,0,,,
Zīārat,,,[地名] 济亚拉特 ( 阿富、巴基、伊朗 ),,,,,0,0,,,
Zīārān,,,[地名] 济亚兰 ( 伊朗 ),,,,,0,0,,,
Złochowice,,,[地名] 兹沃霍维采 ( 波 ),,,,,0,0,,,
Złocieniec,,,[地名] 兹沃切涅茨 ( 波 ),,,,,0,0,,,
Złoczew,,,[地名] 兹沃切夫 ( 波 ),,,,,0,0,,,
Złotoryja,,,[地名] 兹沃托雷亚 ( 波 ),,,,,0,0,,,
Złotów,,,[地名] 兹沃图夫 ( 波 ),,,,,0,0,,,
Zōhāb,,,[地名] 佐哈卜 ( 伊朗 ),,,,,0,0,,,
Zū,,,[地名] 祖 ( 阿富 ),,,,,0,0,,,
Zūr,,,[地名] 祖尔 ( 沙特 ),,,,,0,0,,,
Zūrābād,,,[地名] 祖拉巴德 ( 伊朗 ),,,,,0,0,,,
Zūzan,,,[地名] 祖赞 ( 伊朗 ),,,,,0,0,,,
Zǎbala,,,[地名] 泽巴拉 ( 罗 ),,,,,0,0,,,
Zǎbrani,,,[地名] 泽布拉尼 ( 罗 ),,,,,0,0,,,
Zǎbrǎtǎu,,,[地名] 泽布勒特乌 ( 罗 ),,,,,0,0,,,
Zǔrnevo,,,[地名] 泽尔内沃 ( 保 ),,,,,0,0,,,
